{
  "train_losses": [
    2.64184699455897,
    2.307260404030482,
    2.1538658340771994,
    2.014794414242109,
    1.897047941883405,
    1.8104724685351055,
    1.7510037074486415,
    1.7043042033910751,
    1.6825405607620876,
    1.6615440597136815
  ],
  "val_losses": [
    2.395509640375773,
    2.209359963734945,
    2.0614744822184243,
    1.9200419187545776,
    1.8184417486190796,
    1.7443161805470784,
    1.6920932133992512,
    1.6583563884099324,
    1.6366181373596191,
    1.6210912068684895
  ],
  "best_val_loss": 1.6210912068684895,
  "config": {
    "n_layer": 3,
    "n_head": 4,
    "n_embd": 64,
    "batch_size": 16,
    "learning_rate": 0.0001,
    "n_epochs": 10,
    "warmup_steps": 1000,
    "lr_decay": true,
    "weight_decay": 0.01,
    "embd_pdrop": 0.1,
    "resid_pdrop": 0.1,
    "attn_pdrop": 0.1,
    "max_sequence_length": 128,
    "step": 1,
    "observation_dim": 9,
    "action_dim": 1,
    "reward_dim": 1,
    "vocab_size": 22,
    "action_weight": 5.0,
    "reward_weight": 1.0,
    "observation_weight": 1.0,
    "trajectory_data_dir": "../LLM_experiment/data/trajectories_output",
    "processed_data_dir": "./processed_data",
    "model_save_dir": "./models",
    "results_dir": "./results",
    "device": "cuda",
    "seed": 42,
    "log_interval": 100,
    "eval_interval": 1000,
    "save_interval": 5000
  }
}